a,l,w,a,y,s,_,t,r,u,e,",",N,o,n,e,",",F,a,l,s,e,",",F,a,l,s,e,",",F,a,l,s,e,",",F,a,l,s,e,",",',R,e,t,u,r,n,s, ,T,r,u,e,'
a,l,w,a,y,s,_,t,r,u,e,",",N,o,n,e,",",F,a,l,s,e,",",F,a,l,s,e,",",F,a,l,s,e,",",F,a,l,s,e,",",',R,e,t,u,r,n,s, ,T,r,u,e,'
a,l,w,a,y,s,_,t,r,u,e,",",N,o,n,e,",",F,a,l,s,e,",",F,a,l,s,e,",",F,a,l,s,e,",",F,a,l,s,e,",",',R,e,t,u,r,n,s, ,F,a,l,s,e,'
a,l,w,a,y,s,_,t,r,u,e,",",N,o,n,e,",",F,a,l,s,e,",",F,a,l,s,e,",",F,a,l,s,e,",",F,a,l,s,e,",",',R,e,t,u,r,n,s, ,F,a,l,s,e,'
a,l,w,a,y,s,_,t,r,u,e,",",N,o,n,e,",",F,a,l,s,e,",",F,a,l,s,e,",",F,a,l,s,e,",",F,a,l,s,e,",",',R,e,t,u,r,n,s, ,F,a,l,s,e,'
f,i,n,i,s,h,e,s,_,i,n,_,l,t,_,m,s,",",N,o,n,e,",",F,a,l,s,e,",",T,r,u,e,",",F,a,l,s,e,",",F,a,l,s,e,",",',M,e,a,s,u,r,e,s, ,t,h,e, ,a,m,o,u,n,t, ,o,f, ,t,i,m,e, ,i,t, ,t,a,k,e,s, ,t,o, ,e,x,e,c,u,t,e, ,<,=, ,m,s,'
f,i,n,i,s,h,e,s,_,i,n,_,l,t,_,m,s,",",N,o,n,e,",",F,a,l,s,e,",",T,r,u,e,",",F,a,l,s,e,",",F,a,l,s,e,",",',M,e,a,s,u,r,e,s, ,t,h,e, ,a,m,o,u,n,t, ,o,f, ,t,i,m,e, ,i,t, ,t,a,k,e,s, ,t,o, ,e,x,e,c,u,t,e, ,<,=, ,m,s,'
i,s,_,e,r,r,o,r,_,a,n,d,_,s,a,y,s,",",N,o,n,e,",",F,a,l,s,e,",",T,r,u,e,",",F,a,l,s,e,",",F,a,l,s,e,",",',"
", , , , ,T,e,s,t,s, ,t,h,a,t, ,t,h,e, ,e,r,r,o,r, ,i,s, ,o,f, ,t,h,e, ,s,p,e,c,i,f,i,c, ,t,y,p,e, ,a,n,d, ,t,h,e, ,e,r,r,o,r, ,m,e,s,s,a,g,e, ,i,s, ,t,h,e, ,s,a,m,e, ,o,r,"
", , , , ,c,o,n,t,a,i,n,e,d, ,i,n, ,t,h,e, ,e,r,r,o,r, ,m,e,s,s,a,g,e,.,"
", , , , ,'
i,s,_,e,r,r,o,r,_,a,n,d,_,s,a,y,s,",",N,o,n,e,",",F,a,l,s,e,",",T,r,u,e,",",F,a,l,s,e,",",F,a,l,s,e,",",',"
", , , , ,T,e,s,t,s, ,t,h,a,t, ,t,h,e, ,e,r,r,o,r, ,i,s, ,o,f, ,t,h,e, ,s,p,e,c,i,f,i,c, ,t,y,p,e, ,a,n,d, ,t,h,e, ,e,r,r,o,r, ,m,e,s,s,a,g,e, ,i,s, ,t,h,e, ,s,a,m,e, ,o,r,"
", , , , ,c,o,n,t,a,i,n,e,d, ,i,n, ,t,h,e, ,e,r,r,o,r, ,m,e,s,s,a,g,e,.,"
", , , , ,'
i,s,_,e,r,r,o,r,",",N,o,n,e,",",F,a,l,s,e,",",T,r,u,e,",",F,a,l,s,e,",",F,a,l,s,e,",",',T,e,s,t,s, ,t,h,a,t, ,t,h,e, ,e,r,r,o,r, ,i,s, ,a,n, ,i,n,s,t,a,n,c,e, ,o,f, ,t,h,e, ,s,p,e,c,i,f,i,e,d, ,t,y,p,e,'
i,s,_,e,r,r,o,r,",",N,o,n,e,",",F,a,l,s,e,",",T,r,u,e,",",F,a,l,s,e,",",F,a,l,s,e,",",',T,e,s,t,s, ,t,h,a,t, ,t,h,e, ,e,r,r,o,r, ,i,s, ,a,n, ,i,n,s,t,a,n,c,e, ,o,f, ,t,h,e, ,s,p,e,c,i,f,i,e,d, ,t,y,p,e,'
r,a,i,s,e,s,_,e,r,r,o,r,",",N,o,n,e,",",F,a,l,s,e,",",F,a,l,s,e,",",F,a,l,s,e,",",F,a,l,s,e,",",',T,e,s,t,s, ,t,h,a,t, ,t,h,e, ,e,r,r,o,r, ,i,s, ,a,n, ,E,x,c,e,p,t,i,o,n,'
r,a,i,s,e,s,_,e,r,r,o,r,",",N,o,n,e,",",F,a,l,s,e,",",F,a,l,s,e,",",F,a,l,s,e,",",F,a,l,s,e,",",',T,e,s,t,s, ,t,h,a,t, ,t,h,e, ,e,r,r,o,r, ,i,s, ,a,n, ,E,x,c,e,p,t,i,o,n,'
r,a,i,s,e,s,_,a,s,s,e,r,t,i,o,n,_,e,r,r,o,r,",",N,o,n,e,",",F,a,l,s,e,",",F,a,l,s,e,",",F,a,l,s,e,",",F,a,l,s,e,",",',N,o,n,e,'
r,a,i,s,e,s,_,a,s,s,e,r,t,i,o,n,_,e,r,r,o,r,",",N,o,n,e,",",F,a,l,s,e,",",F,a,l,s,e,",",F,a,l,s,e,",",F,a,l,s,e,",",',N,o,n,e,'
i,s,_,e,r,r,o,r,_,a,n,d,_,c,o,n,t,a,i,n,s,",",N,o,n,e,",",F,a,l,s,e,",",F,a,l,s,e,",",F,a,l,s,e,",",F,a,l,s,e,",",',"
", , , , ,T,e,s,t,s, ,t,h,a,t, ,t,h,e, ,e,r,r,o,r, ,i,s, ,a,n, ,E,x,c,e,p,t,i,o,n, ,a,n,d, ,t,h,e, ,m,e,s,s,a,g,e, ,i,s, ,t,h,e, ,e,r,r,o,r, ,m,e,s,s,a,g,e, ,o,r, ,t,h,e, ,m,e,s,s,a,g,e,"
", , , , ,i,s, ,c,o,n,t,a,i,n,e,d, ,i,n, ,t,h,e, ,e,r,r,o,r, ,m,e,s,s,a,g,e,.,"
", , , , ,'
i,s,_,e,r,r,o,r,_,a,n,d,_,c,o,n,t,a,i,n,s,",",N,o,n,e,",",F,a,l,s,e,",",F,a,l,s,e,",",F,a,l,s,e,",",F,a,l,s,e,",",',"
", , , , ,T,e,s,t,s, ,t,h,a,t, ,t,h,e, ,e,r,r,o,r, ,i,s, ,a,n, ,E,x,c,e,p,t,i,o,n, ,a,n,d, ,t,h,e, ,m,e,s,s,a,g,e, ,i,s, ,t,h,e, ,e,r,r,o,r, ,m,e,s,s,a,g,e, ,o,r, ,t,h,e, ,m,e,s,s,a,g,e,"
", , , , ,i,s, ,c,o,n,t,a,i,n,e,d, ,i,n, ,t,h,e, ,e,r,r,o,r, ,m,e,s,s,a,g,e,.,"
", , , , ,'
i,s,_,e,r,r,o,r,_,a,n,d,_,c,o,n,t,a,i,n,s,",",N,o,n,e,",",F,a,l,s,e,",",F,a,l,s,e,",",F,a,l,s,e,",",F,a,l,s,e,",",',"
", , , , ,T,e,s,t,s, ,t,h,a,t, ,t,h,e, ,e,r,r,o,r, ,i,s, ,a,n, ,E,x,c,e,p,t,i,o,n, ,a,n,d, ,t,h,e, ,m,e,s,s,a,g,e, ,i,s, ,t,h,e, ,e,r,r,o,r, ,m,e,s,s,a,g,e, ,o,r, ,t,h,e, ,m,e,s,s,a,g,e,"
", , , , ,i,s, ,c,o,n,t,a,i,n,e,d, ,i,n, ,t,h,e, ,e,r,r,o,r, ,m,e,s,s,a,g,e,.,"
", , , , ,'
i,s,_,i,n,s,t,a,n,c,e,",",N,o,n,e,",",F,a,l,s,e,",",F,a,l,s,e,",",F,a,l,s,e,",",T,r,u,e,",",',T,h,e, ,v,a,l,u,e, ,i,s, ,n,o,t, ,t,h,e, ,i,n,s,t,a,n,c,e, ,s,p,e,c,i,f,i,e,d,'
i,s,_,i,n,s,t,a,n,c,e,",",N,o,n,e,",",F,a,l,s,e,",",F,a,l,s,e,",",F,a,l,s,e,",",T,r,u,e,",",',T,h,e, ,v,a,l,u,e, ,i,s, ,n,o,t, ,t,h,e, ,i,n,s,t,a,n,c,e, ,s,p,e,c,i,f,i,e,d,'
i,s,_,i,n,s,t,a,n,c,e,",",N,o,n,e,",",F,a,l,s,e,",",F,a,l,s,e,",",F,a,l,s,e,",",T,r,u,e,",",',T,h,e, ,v,a,l,u,e, ,i,s, ,n,o,t, ,t,h,e, ,i,n,s,t,a,n,c,e, ,s,p,e,c,i,f,i,e,d,'
i,s,_,i,n,s,t,a,n,c,e,",",N,o,n,e,",",F,a,l,s,e,",",F,a,l,s,e,",",F,a,l,s,e,",",T,r,u,e,",",',T,h,e, ,v,a,l,u,e, ,i,s, ,n,o,t, ,t,h,e, ,i,n,s,t,a,n,c,e, ,s,p,e,c,i,f,i,e,d,'
i,s,_,a,",",N,o,n,e,",",F,a,l,s,e,",",F,a,l,s,e,",",F,a,l,s,e,",",T,r,u,e,",",',T,h,e, ,v,a,l,u,e, ,i,s, ,n,o,t, ,a,n,y, ,o,f, ,i,n,s,t,a,n,c,e,s, ,s,p,e,c,i,f,i,e,d,'
i,s,_,a,",",N,o,n,e,",",F,a,l,s,e,",",F,a,l,s,e,",",F,a,l,s,e,",",T,r,u,e,",",',T,h,e, ,v,a,l,u,e, ,i,s, ,n,o,t, ,a,n,y, ,o,f, ,i,n,s,t,a,n,c,e,s, ,s,p,e,c,i,f,i,e,d,'
i,s,_,n,o,t,",",N,o,n,e,",",F,a,l,s,e,",",F,a,l,s,e,",",F,a,l,s,e,",",F,a,l,s,e,",",',T,e,s,t,s, ,t,h,a,t, ,t,h,e, ,v,a,l,u,e, ,i,s, ,n,o,t, ,o,f, ,i,n,s,t,a,n,c,e, ,k,i,n,d,'
i,s,_,n,o,t,",",N,o,n,e,",",F,a,l,s,e,",",F,a,l,s,e,",",F,a,l,s,e,",",F,a,l,s,e,",",',T,e,s,t,s, ,t,h,a,t, ,t,h,e, ,v,a,l,u,e, ,i,s, ,n,o,t, ,o,f, ,i,n,s,t,a,n,c,e, ,k,i,n,d,'
i,s,_,n,o,t,_,i,n,s,t,a,n,c,e,_,o,f,",",N,o,n,e,",",F,a,l,s,e,",",F,a,l,s,e,",",F,a,l,s,e,",",F,a,l,s,e,",",',N,o,n,e,'
i,s,_,n,o,t,_,i,n,s,t,a,n,c,e,_,o,f,",",N,o,n,e,",",F,a,l,s,e,",",F,a,l,s,e,",",F,a,l,s,e,",",F,a,l,s,e,",",',N,o,n,e,'
i,s,_,n,o,t,_,i,n,s,t,a,n,c,e,_,o,f,",",N,o,n,e,",",F,a,l,s,e,",",F,a,l,s,e,",",F,a,l,s,e,",",F,a,l,s,e,",",',N,o,n,e,'
i,s,_,n,o,t,_,i,n,s,t,a,n,c,e,_,o,f,",",N,o,n,e,",",F,a,l,s,e,",",F,a,l,s,e,",",F,a,l,s,e,",",F,a,l,s,e,",",',N,o,n,e,'
s,a,m,e,_,i,n,s,t,a,n,c,e,",",N,o,n,e,",",F,a,l,s,e,",",F,a,l,s,e,",",F,a,l,s,e,",",T,r,u,e,",",',T,h,e, ,v,a,l,u,e, ,m,u,s,t, ,b,e, ,t,h,e, ,s,a,m,e, ,i,n,s,t,a,n,c,e,'
s,a,m,e,_,i,n,s,t,a,n,c,e,",",N,o,n,e,",",F,a,l,s,e,",",F,a,l,s,e,",",F,a,l,s,e,",",T,r,u,e,",",',T,h,e, ,v,a,l,u,e, ,m,u,s,t, ,b,e, ,t,h,e, ,s,a,m,e, ,i,n,s,t,a,n,c,e,'
i,s,_,i,n,",",i,n,",",T,r,u,e,",",F,a,l,s,e,",",F,a,l,s,e,",",T,r,u,e,",",',T,h,e, ,v,a,l,u,e, ,m,u,s,t, ,i,n, ,t,h,e, ,s,e,q,u,e,n,c,e,'
i,s,_,i,n,",",i,n,",",T,r,u,e,",",F,a,l,s,e,",",F,a,l,s,e,",",T,r,u,e,",",',T,h,e, ,v,a,l,u,e, ,m,u,s,t, ,i,n, ,t,h,e, ,s,e,q,u,e,n,c,e,'
i,s,_,i,n,",",i,n,",",T,r,u,e,",",F,a,l,s,e,",",F,a,l,s,e,",",T,r,u,e,",",',T,h,e, ,v,a,l,u,e, ,m,u,s,t, ,i,n, ,t,h,e, ,s,e,q,u,e,n,c,e,'
i,s,_,i,n,",",i,n,",",T,r,u,e,",",F,a,l,s,e,",",F,a,l,s,e,",",T,r,u,e,",",',T,h,e, ,v,a,l,u,e, ,m,u,s,t, ,i,n, ,t,h,e, ,s,e,q,u,e,n,c,e,'
i,s,_,i,n,",",i,n,",",T,r,u,e,",",F,a,l,s,e,",",F,a,l,s,e,",",T,r,u,e,",",',T,h,e, ,v,a,l,u,e, ,m,u,s,t, ,i,n, ,t,h,e, ,s,e,q,u,e,n,c,e,'
n,o,t,_,i,n,",",n,o,t, ,i,n,",",T,r,u,e,",",F,a,l,s,e,",",F,a,l,s,e,",",T,r,u,e,",",',T,h,e, ,v,a,l,u,e, ,m,u,s,t, ,n,o,t, ,b,e, ,i,n, ,t,h,e, ,s,e,q,u,e,n,c,e,'
n,o,t,_,i,n,",",n,o,t, ,i,n,",",T,r,u,e,",",F,a,l,s,e,",",F,a,l,s,e,",",T,r,u,e,",",',T,h,e, ,v,a,l,u,e, ,m,u,s,t, ,n,o,t, ,b,e, ,i,n, ,t,h,e, ,s,e,q,u,e,n,c,e,'
n,o,t,_,i,n,",",n,o,t, ,i,n,",",T,r,u,e,",",F,a,l,s,e,",",F,a,l,s,e,",",T,r,u,e,",",',T,h,e, ,v,a,l,u,e, ,m,u,s,t, ,n,o,t, ,b,e, ,i,n, ,t,h,e, ,s,e,q,u,e,n,c,e,'
n,o,t,_,i,n,",",n,o,t, ,i,n,",",T,r,u,e,",",F,a,l,s,e,",",F,a,l,s,e,",",T,r,u,e,",",',T,h,e, ,v,a,l,u,e, ,m,u,s,t, ,n,o,t, ,b,e, ,i,n, ,t,h,e, ,s,e,q,u,e,n,c,e,'
e,q,",",=,=,",",T,r,u,e,",",F,a,l,s,e,",",F,a,l,s,e,",",F,a,l,s,e,",",',W,e,a,k, ,e,q,u,a,l,i,t,y,",", ,i,e, ,a, ,=, ,b,'
e,q,",",=,=,",",T,r,u,e,",",F,a,l,s,e,",",F,a,l,s,e,",",F,a,l,s,e,",",',W,e,a,k, ,e,q,u,a,l,i,t,y,",", ,i,e, ,a, ,=, ,b,'
e,q,",",=,=,",",T,r,u,e,",",F,a,l,s,e,",",F,a,l,s,e,",",F,a,l,s,e,",",',W,e,a,k, ,e,q,u,a,l,i,t,y,",", ,i,e, ,a, ,=, ,b,'
e,q,u,a,l,s,",",N,o,n,e,",",F,a,l,s,e,",",F,a,l,s,e,",",F,a,l,s,e,",",F,a,l,s,e,",",',S,t,r,o,n,g, ,e,q,u,a,l,i,t,y,",", ,i,e, ,a, ,=,=, ,b,",", ,w,h,e,r,e, ,t,y,p,e,(,a,), ,=,=, ,t,y,p,e,(,b,), ,a,n,d, ,a, ,=,=, ,b,'
e,q,u,a,l,s,",",N,o,n,e,",",F,a,l,s,e,",",F,a,l,s,e,",",F,a,l,s,e,",",F,a,l,s,e,",",',S,t,r,o,n,g, ,e,q,u,a,l,i,t,y,",", ,i,e, ,a, ,=,=, ,b,",", ,w,h,e,r,e, ,t,y,p,e,(,a,), ,=,=, ,t,y,p,e,(,b,), ,a,n,d, ,a, ,=,=, ,b,'
e,q,u,a,l,s,",",N,o,n,e,",",F,a,l,s,e,",",F,a,l,s,e,",",F,a,l,s,e,",",F,a,l,s,e,",",',S,t,r,o,n,g, ,e,q,u,a,l,i,t,y,",", ,i,e, ,a, ,=,=, ,b,",", ,w,h,e,r,e, ,t,y,p,e,(,a,), ,=,=, ,t,y,p,e,(,b,), ,a,n,d, ,a, ,=,=, ,b,'
s,t,r,o,n,g,_,e,q,u,a,l,s,",",N,o,n,e,",",F,a,l,s,e,",",F,a,l,s,e,",",F,a,l,s,e,",",F,a,l,s,e,",",',T,h,e, ,s,t,r,o,n,g,e,s,t, ,n,o,t,i,o,n, ,o,f, ,e,q,u,a,l,i,t,y,",", ,n,o,t, ,t,h,e, ,s,a,m,e, ,o,b,j,e,c,t,",", ,w,h,e,r,e, ,t,y,p,e,(,a,), ,=,=, ,t,y,p,e,(,b,), ,a,n,d, ,a, ,=,=, ,b,'
s,t,r,o,n,g,_,e,q,u,a,l,s,",",N,o,n,e,",",F,a,l,s,e,",",F,a,l,s,e,",",F,a,l,s,e,",",F,a,l,s,e,",",',T,h,e, ,s,t,r,o,n,g,e,s,t, ,n,o,t,i,o,n, ,o,f, ,e,q,u,a,l,i,t,y,",", ,n,o,t, ,t,h,e, ,s,a,m,e, ,o,b,j,e,c,t,",", ,w,h,e,r,e, ,t,y,p,e,(,a,), ,=,=, ,t,y,p,e,(,b,), ,a,n,d, ,a, ,=,=, ,b,'
s,t,r,o,n,g,_,e,q,u,a,l,s,",",N,o,n,e,",",F,a,l,s,e,",",F,a,l,s,e,",",F,a,l,s,e,",",F,a,l,s,e,",",',T,h,e, ,s,t,r,o,n,g,e,s,t, ,n,o,t,i,o,n, ,o,f, ,e,q,u,a,l,i,t,y,",", ,n,o,t, ,t,h,e, ,s,a,m,e, ,o,b,j,e,c,t,",", ,w,h,e,r,e, ,t,y,p,e,(,a,), ,=,=, ,t,y,p,e,(,b,), ,a,n,d, ,a, ,=,=, ,b,'
n,e,",",!,=,",",T,r,u,e,",",F,a,l,s,e,",",F,a,l,s,e,",",F,a,l,s,e,",",',N,o,n,e,'
n,e,",",!,=,",",T,r,u,e,",",F,a,l,s,e,",",F,a,l,s,e,",",F,a,l,s,e,",",',N,o,n,e,'
n,e,",",!,=,",",T,r,u,e,",",F,a,l,s,e,",",F,a,l,s,e,",",F,a,l,s,e,",",',N,o,n,e,'
n,e,",",!,=,",",T,r,u,e,",",F,a,l,s,e,",",F,a,l,s,e,",",F,a,l,s,e,",",',N,o,n,e,'
l,t,",",<,",",T,r,u,e,",",F,a,l,s,e,",",F,a,l,s,e,",",F,a,l,s,e,",",',N,o,n,e,'
l,t,",",<,",",T,r,u,e,",",F,a,l,s,e,",",F,a,l,s,e,",",F,a,l,s,e,",",',N,o,n,e,'
l,t,",",<,",",T,r,u,e,",",F,a,l,s,e,",",F,a,l,s,e,",",F,a,l,s,e,",",',N,o,n,e,'
g,t,",",>,",",T,r,u,e,",",F,a,l,s,e,",",F,a,l,s,e,",",F,a,l,s,e,",",',N,o,n,e,'
g,t,",",>,",",T,r,u,e,",",F,a,l,s,e,",",F,a,l,s,e,",",F,a,l,s,e,",",',N,o,n,e,'
g,t,",",>,",",T,r,u,e,",",F,a,l,s,e,",",F,a,l,s,e,",",F,a,l,s,e,",",',N,o,n,e,'
l,e,",",<,=,",",T,r,u,e,",",F,a,l,s,e,",",F,a,l,s,e,",",F,a,l,s,e,",",',N,o,n,e,'
l,e,",",<,=,",",T,r,u,e,",",F,a,l,s,e,",",F,a,l,s,e,",",F,a,l,s,e,",",',N,o,n,e,'
l,e,",",<,=,",",T,r,u,e,",",F,a,l,s,e,",",F,a,l,s,e,",",F,a,l,s,e,",",',N,o,n,e,'
l,e,",",<,=,",",T,r,u,e,",",F,a,l,s,e,",",F,a,l,s,e,",",F,a,l,s,e,",",',N,o,n,e,'
g,e,",",>,=,",",T,r,u,e,",",F,a,l,s,e,",",F,a,l,s,e,",",F,a,l,s,e,",",',N,o,n,e,'
g,e,",",>,=,",",T,r,u,e,",",F,a,l,s,e,",",F,a,l,s,e,",",F,a,l,s,e,",",',N,o,n,e,'
g,e,",",>,=,",",T,r,u,e,",",F,a,l,s,e,",",F,a,l,s,e,",",F,a,l,s,e,",",',N,o,n,e,'
g,e,",",>,=,",",T,r,u,e,",",F,a,l,s,e,",",F,a,l,s,e,",",F,a,l,s,e,",",',N,o,n,e,'
n,o,t,_,l,t,",",N,o,n,e,",",F,a,l,s,e,",",F,a,l,s,e,",",F,a,l,s,e,",",F,a,l,s,e,",",',V,a,l,u,e, ,a, ,≮, ,b,'
n,o,t,_,l,t,",",N,o,n,e,",",F,a,l,s,e,",",F,a,l,s,e,",",F,a,l,s,e,",",F,a,l,s,e,",",',V,a,l,u,e, ,a, ,≮, ,b,'
n,o,t,_,l,t,",",N,o,n,e,",",F,a,l,s,e,",",F,a,l,s,e,",",F,a,l,s,e,",",F,a,l,s,e,",",',V,a,l,u,e, ,a, ,≮, ,b,'
n,o,t,_,g,t,",",N,o,n,e,",",F,a,l,s,e,",",F,a,l,s,e,",",F,a,l,s,e,",",F,a,l,s,e,",",',V,a,l,u,e, ,a, ,≯, ,b,'
n,o,t,_,g,t,",",N,o,n,e,",",F,a,l,s,e,",",F,a,l,s,e,",",F,a,l,s,e,",",F,a,l,s,e,",",',V,a,l,u,e, ,a, ,≯, ,b,'
n,o,t,_,g,t,",",N,o,n,e,",",F,a,l,s,e,",",F,a,l,s,e,",",F,a,l,s,e,",",F,a,l,s,e,",",',V,a,l,u,e, ,a, ,≯, ,b,'
n,o,t,_,l,e,",",N,o,n,e,",",F,a,l,s,e,",",F,a,l,s,e,",",F,a,l,s,e,",",F,a,l,s,e,",",',V,a,l,u,e, ,a, ,≰, ,b,'
n,o,t,_,l,e,",",N,o,n,e,",",F,a,l,s,e,",",F,a,l,s,e,",",F,a,l,s,e,",",F,a,l,s,e,",",',V,a,l,u,e, ,a, ,≰, ,b,'
n,o,t,_,l,e,",",N,o,n,e,",",F,a,l,s,e,",",F,a,l,s,e,",",F,a,l,s,e,",",F,a,l,s,e,",",',V,a,l,u,e, ,a, ,≰, ,b,'
n,o,t,_,g,e,",",N,o,n,e,",",F,a,l,s,e,",",F,a,l,s,e,",",F,a,l,s,e,",",F,a,l,s,e,",",',V,a,l,u,e, ,a, ,≱, ,b,'
n,o,t,_,g,e,",",N,o,n,e,",",F,a,l,s,e,",",F,a,l,s,e,",",F,a,l,s,e,",",F,a,l,s,e,",",',V,a,l,u,e, ,a, ,≱, ,b,'
n,o,t,_,g,e,",",N,o,n,e,",",F,a,l,s,e,",",F,a,l,s,e,",",F,a,l,s,e,",",F,a,l,s,e,",",',V,a,l,u,e, ,a, ,≱, ,b,'
c,a,r,d,i,n,a,l,i,t,y,_,l,t,",",N,o,n,e,",",F,a,l,s,e,",",F,a,l,s,e,",",F,a,l,s,e,",",F,a,l,s,e,",",',N,o,n,e,'
c,a,r,d,i,n,a,l,i,t,y,_,l,t,",",N,o,n,e,",",F,a,l,s,e,",",F,a,l,s,e,",",F,a,l,s,e,",",F,a,l,s,e,",",',N,o,n,e,'
c,a,r,d,i,n,a,l,i,t,y,_,l,t,",",N,o,n,e,",",F,a,l,s,e,",",F,a,l,s,e,",",F,a,l,s,e,",",F,a,l,s,e,",",',N,o,n,e,'
c,a,r,d,i,n,a,l,i,t,y,_,g,t,",",N,o,n,e,",",F,a,l,s,e,",",F,a,l,s,e,",",F,a,l,s,e,",",F,a,l,s,e,",",',N,o,n,e,'
c,a,r,d,i,n,a,l,i,t,y,_,g,t,",",N,o,n,e,",",F,a,l,s,e,",",F,a,l,s,e,",",F,a,l,s,e,",",F,a,l,s,e,",",',N,o,n,e,'
c,a,r,d,i,n,a,l,i,t,y,_,g,t,",",N,o,n,e,",",F,a,l,s,e,",",F,a,l,s,e,",",F,a,l,s,e,",",F,a,l,s,e,",",',N,o,n,e,'
c,a,r,d,i,n,a,l,i,t,y,_,l,e,",",N,o,n,e,",",F,a,l,s,e,",",F,a,l,s,e,",",F,a,l,s,e,",",F,a,l,s,e,",",',N,o,n,e,'
c,a,r,d,i,n,a,l,i,t,y,_,l,e,",",N,o,n,e,",",F,a,l,s,e,",",F,a,l,s,e,",",F,a,l,s,e,",",F,a,l,s,e,",",',N,o,n,e,'
c,a,r,d,i,n,a,l,i,t,y,_,l,e,",",N,o,n,e,",",F,a,l,s,e,",",F,a,l,s,e,",",F,a,l,s,e,",",F,a,l,s,e,",",',N,o,n,e,'
c,a,r,d,i,n,a,l,i,t,y,_,l,e,",",N,o,n,e,",",F,a,l,s,e,",",F,a,l,s,e,",",F,a,l,s,e,",",F,a,l,s,e,",",',N,o,n,e,'
c,a,r,d,i,n,a,l,i,t,y,_,g,e,",",N,o,n,e,",",F,a,l,s,e,",",F,a,l,s,e,",",F,a,l,s,e,",",F,a,l,s,e,",",',N,o,n,e,'
c,a,r,d,i,n,a,l,i,t,y,_,g,e,",",N,o,n,e,",",F,a,l,s,e,",",F,a,l,s,e,",",F,a,l,s,e,",",F,a,l,s,e,",",',N,o,n,e,'
c,a,r,d,i,n,a,l,i,t,y,_,g,e,",",N,o,n,e,",",F,a,l,s,e,",",F,a,l,s,e,",",F,a,l,s,e,",",F,a,l,s,e,",",',N,o,n,e,'
c,a,r,d,i,n,a,l,i,t,y,_,g,e,",",N,o,n,e,",",F,a,l,s,e,",",F,a,l,s,e,",",F,a,l,s,e,",",F,a,l,s,e,",",',N,o,n,e,'
c,a,r,d,i,n,a,l,i,t,y,_,g,e,",",N,o,n,e,",",F,a,l,s,e,",",F,a,l,s,e,",",F,a,l,s,e,",",F,a,l,s,e,",",',N,o,n,e,'
c,a,r,d,i,n,a,l,i,t,y,_,g,e,",",N,o,n,e,",",F,a,l,s,e,",",F,a,l,s,e,",",F,a,l,s,e,",",F,a,l,s,e,",",',N,o,n,e,'
c,a,r,d,i,n,a,l,i,t,y,_,g,e,",",N,o,n,e,",",F,a,l,s,e,",",F,a,l,s,e,",",F,a,l,s,e,",",F,a,l,s,e,",",',N,o,n,e,'
c,a,r,d,i,n,a,l,i,t,y,_,g,e,",",N,o,n,e,",",F,a,l,s,e,",",F,a,l,s,e,",",F,a,l,s,e,",",F,a,l,s,e,",",',N,o,n,e,'
c,a,r,d,i,n,a,l,i,t,y,_,p,l,u,s,_,m,i,n,u,s,_,n,",",N,o,n,e,",",F,a,l,s,e,",",F,a,l,s,e,",",F,a,l,s,e,",",F,a,l,s,e,",",',N,o,n,e,'
c,a,r,d,i,n,a,l,i,t,y,_,p,l,u,s,_,m,i,n,u,s,_,n,",",N,o,n,e,",",F,a,l,s,e,",",F,a,l,s,e,",",F,a,l,s,e,",",F,a,l,s,e,",",',N,o,n,e,'
c,a,r,d,i,n,a,l,i,t,y,_,p,l,u,s,_,m,i,n,u,s,_,n,",",N,o,n,e,",",F,a,l,s,e,",",F,a,l,s,e,",",F,a,l,s,e,",",F,a,l,s,e,",",',N,o,n,e,'
c,a,r,d,i,n,a,l,i,t,y,_,p,l,u,s,_,m,i,n,u,s,_,n,",",N,o,n,e,",",F,a,l,s,e,",",F,a,l,s,e,",",F,a,l,s,e,",",F,a,l,s,e,",",',N,o,n,e,'
c,a,r,d,i,n,a,l,i,t,y,_,n,e,0,",",N,o,n,e,",",F,a,l,s,e,",",F,a,l,s,e,",",F,a,l,s,e,",",F,a,l,s,e,",",',N,o,n,e,'
c,a,r,d,i,n,a,l,i,t,y,_,n,e,0,",",N,o,n,e,",",F,a,l,s,e,",",F,a,l,s,e,",",F,a,l,s,e,",",F,a,l,s,e,",",',N,o,n,e,'
c,a,r,d,i,n,a,l,i,t,y,_,n,e,0,",",N,o,n,e,",",F,a,l,s,e,",",F,a,l,s,e,",",F,a,l,s,e,",",F,a,l,s,e,",",',N,o,n,e,'
c,a,r,d,i,n,a,l,i,t,y,_,n,e,0,",",N,o,n,e,",",F,a,l,s,e,",",F,a,l,s,e,",",F,a,l,s,e,",",F,a,l,s,e,",",',N,o,n,e,'
c,a,r,d,i,n,a,l,i,t,y,_,b,e,t,w,e,e,n,",",N,o,n,e,",",F,a,l,s,e,",",F,a,l,s,e,",",F,a,l,s,e,",",F,a,l,s,e,",",',T,e,s,t,s, ,t,h,a,t, ,t,h,e, ,l,e,n,g,t,h, ,o,f, ,a, ,s,e,q,u,e,n,c,e, ,i,s, ,g,r,e,a,t,e,r,-,t,h,a,n,-,o,r,-,e,q,u,a,l,-,t,o, ,l,b, ,a,n,d, ,l,e,s,s,-,t,h,a,n,-,o,r,-,e,q,u,a,l,-,t,o, ,u,b,",", ,[,l,b,",", ,u,b,],'
c,a,r,d,i,n,a,l,i,t,y,_,b,e,t,w,e,e,n,",",N,o,n,e,",",F,a,l,s,e,",",F,a,l,s,e,",",F,a,l,s,e,",",F,a,l,s,e,",",',T,e,s,t,s, ,t,h,a,t, ,t,h,e, ,l,e,n,g,t,h, ,o,f, ,a, ,s,e,q,u,e,n,c,e, ,i,s, ,g,r,e,a,t,e,r,-,t,h,a,n,-,o,r,-,e,q,u,a,l,-,t,o, ,l,b, ,a,n,d, ,l,e,s,s,-,t,h,a,n,-,o,r,-,e,q,u,a,l,-,t,o, ,u,b,",", ,[,l,b,",", ,u,b,],'
c,a,r,d,i,n,a,l,i,t,y,_,b,e,t,w,e,e,n,",",N,o,n,e,",",F,a,l,s,e,",",F,a,l,s,e,",",F,a,l,s,e,",",F,a,l,s,e,",",',T,e,s,t,s, ,t,h,a,t, ,t,h,e, ,l,e,n,g,t,h, ,o,f, ,a, ,s,e,q,u,e,n,c,e, ,i,s, ,g,r,e,a,t,e,r,-,t,h,a,n,-,o,r,-,e,q,u,a,l,-,t,o, ,l,b, ,a,n,d, ,l,e,s,s,-,t,h,a,n,-,o,r,-,e,q,u,a,l,-,t,o, ,u,b,",", ,[,l,b,",", ,u,b,],'
c,a,r,d,i,n,a,l,i,t,y,_,w,i,t,h,i,n,",",N,o,n,e,",",F,a,l,s,e,",",F,a,l,s,e,",",F,a,l,s,e,",",F,a,l,s,e,",",',T,e,s,t,s, ,t,h,a,t, ,t,h,e, ,l,e,n,g,t,h, ,o,f, ,a, ,s,e,q,u,e,n,c,e, ,i,s, ,g,r,e,a,t,e,r,-,t,h,a,n,-,o,r,-,e,q,u,a,l,-,t,o, ,l,b, ,a,n,d, ,l,e,s,s,-,t,h,a,n, ,u,b,",", ,[,l,b,",", ,u,b,),'
c,a,r,d,i,n,a,l,i,t,y,_,w,i,t,h,i,n,",",N,o,n,e,",",F,a,l,s,e,",",F,a,l,s,e,",",F,a,l,s,e,",",F,a,l,s,e,",",',T,e,s,t,s, ,t,h,a,t, ,t,h,e, ,l,e,n,g,t,h, ,o,f, ,a, ,s,e,q,u,e,n,c,e, ,i,s, ,g,r,e,a,t,e,r,-,t,h,a,n,-,o,r,-,e,q,u,a,l,-,t,o, ,l,b, ,a,n,d, ,l,e,s,s,-,t,h,a,n, ,u,b,",", ,[,l,b,",", ,u,b,),'
c,a,r,d,i,n,a,l,i,t,y,_,w,i,t,h,i,n,",",N,o,n,e,",",F,a,l,s,e,",",F,a,l,s,e,",",F,a,l,s,e,",",F,a,l,s,e,",",',T,e,s,t,s, ,t,h,a,t, ,t,h,e, ,l,e,n,g,t,h, ,o,f, ,a, ,s,e,q,u,e,n,c,e, ,i,s, ,g,r,e,a,t,e,r,-,t,h,a,n,-,o,r,-,e,q,u,a,l,-,t,o, ,l,b, ,a,n,d, ,l,e,s,s,-,t,h,a,n, ,u,b,",", ,[,l,b,",", ,u,b,),'
i,s,_,m,o,d,u,l,u,s,_,o,f,",",N,o,n,e,",",F,a,l,s,e,",",F,a,l,s,e,",",F,a,l,s,e,",",T,r,u,e,",",',V,a,l,u,e, ,a, ,%, ,n, ,!,=, ,0,'
i,s,_,m,o,d,u,l,u,s,_,o,f,",",N,o,n,e,",",F,a,l,s,e,",",F,a,l,s,e,",",F,a,l,s,e,",",T,r,u,e,",",',V,a,l,u,e, ,a, ,%, ,n, ,!,=, ,0,'
i,s,_,m,o,d,u,l,u,s,_,o,f,",",N,o,n,e,",",F,a,l,s,e,",",F,a,l,s,e,",",F,a,l,s,e,",",T,r,u,e,",",',V,a,l,u,e, ,a, ,%, ,n, ,!,=, ,0,'
i,s,_,m,o,d,u,l,u,s,_,o,f,",",N,o,n,e,",",F,a,l,s,e,",",F,a,l,s,e,",",F,a,l,s,e,",",T,r,u,e,",",',V,a,l,u,e, ,a, ,%, ,n, ,!,=, ,0,'
i,s,_,e,v,e,n,",",N,o,n,e,",",F,a,l,s,e,",",F,a,l,s,e,",",F,a,l,s,e,",",F,a,l,s,e,",",',T,e,s,t,s, ,i,f, ,a, ,g,i,v,e,n, ,n,u,m,b,e,r, ,i,s, ,e,v,e,n,'
i,s,_,e,v,e,n,",",N,o,n,e,",",F,a,l,s,e,",",F,a,l,s,e,",",F,a,l,s,e,",",F,a,l,s,e,",",',T,e,s,t,s, ,i,f, ,a, ,g,i,v,e,n, ,n,u,m,b,e,r, ,i,s, ,e,v,e,n,'
i,s,_,e,v,e,n,",",N,o,n,e,",",F,a,l,s,e,",",F,a,l,s,e,",",F,a,l,s,e,",",F,a,l,s,e,",",',T,e,s,t,s, ,i,f, ,a, ,g,i,v,e,n, ,n,u,m,b,e,r, ,i,s, ,e,v,e,n,'
i,s,_,o,d,d,",",N,o,n,e,",",F,a,l,s,e,",",F,a,l,s,e,",",F,a,l,s,e,",",F,a,l,s,e,",",',T,e,s,t,s, ,i,f, ,a, ,g,i,v,e,n, ,n,u,m,b,e,r, ,i,s, ,o,d,d,'
i,s,_,o,d,d,",",N,o,n,e,",",F,a,l,s,e,",",F,a,l,s,e,",",F,a,l,s,e,",",F,a,l,s,e,",",',T,e,s,t,s, ,i,f, ,a, ,g,i,v,e,n, ,n,u,m,b,e,r, ,i,s, ,o,d,d,'
i,s,_,o,d,d,",",N,o,n,e,",",F,a,l,s,e,",",F,a,l,s,e,",",F,a,l,s,e,",",F,a,l,s,e,",",',T,e,s,t,s, ,i,f, ,a, ,g,i,v,e,n, ,n,u,m,b,e,r, ,i,s, ,o,d,d,'
i,s,_,p,o,s,i,t,i,v,e,",",N,o,n,e,",",F,a,l,s,e,",",F,a,l,s,e,",",F,a,l,s,e,",",F,a,l,s,e,",",',T,e,s,t,s, ,w,h,e,t,h,e,r, ,t,h,e, ,v,a,l,u,e,s, ,i,s, ,a, ,n,u,m,b,e,r, ,g,r,e,a,t,e,r, ,t,h,a,n, ,0,'
i,s,_,p,o,s,i,t,i,v,e,",",N,o,n,e,",",F,a,l,s,e,",",F,a,l,s,e,",",F,a,l,s,e,",",F,a,l,s,e,",",',T,e,s,t,s, ,w,h,e,t,h,e,r, ,t,h,e, ,v,a,l,u,e,s, ,i,s, ,a, ,n,u,m,b,e,r, ,g,r,e,a,t,e,r, ,t,h,a,n, ,0,'
i,s,_,n,e,g,a,t,i,v,e,",",N,o,n,e,",",F,a,l,s,e,",",F,a,l,s,e,",",F,a,l,s,e,",",F,a,l,s,e,",",',T,e,s,t,s, ,w,h,e,t,h,e,r, ,t,h,e, ,v,a,l,u,e, ,i,s, ,a, ,n,u,m,b,e,r, ,a,n,d, ,l,e,s,s, ,t,h,a,n, ,0,'
i,s,_,n,e,g,a,t,i,v,e,",",N,o,n,e,",",F,a,l,s,e,",",F,a,l,s,e,",",F,a,l,s,e,",",F,a,l,s,e,",",',T,e,s,t,s, ,w,h,e,t,h,e,r, ,t,h,e, ,v,a,l,u,e, ,i,s, ,a, ,n,u,m,b,e,r, ,a,n,d, ,l,e,s,s, ,t,h,a,n, ,0,'
i,s,_,n,a,n,",",N,o,n,e,",",F,a,l,s,e,",",F,a,l,s,e,",",F,a,l,s,e,",",F,a,l,s,e,",",',T,e,s,t,s, ,w,h,e,t,h,e,r, ,a, ,v,a,l,u,e, ,i,s, ,N,o,t,-,A,-,N,u,m,b,e,r, ,o,r, ,n,a,n, ,(,N,a,n,",", ,N,a,N,),'
i,s,_,n,a,n,",",N,o,n,e,",",F,a,l,s,e,",",F,a,l,s,e,",",F,a,l,s,e,",",F,a,l,s,e,",",',T,e,s,t,s, ,w,h,e,t,h,e,r, ,a, ,v,a,l,u,e, ,i,s, ,N,o,t,-,A,-,N,u,m,b,e,r, ,o,r, ,n,a,n, ,(,N,a,n,",", ,N,a,N,),'
i,s,_,n,a,n,",",N,o,n,e,",",F,a,l,s,e,",",F,a,l,s,e,",",F,a,l,s,e,",",F,a,l,s,e,",",',T,e,s,t,s, ,w,h,e,t,h,e,r, ,a, ,v,a,l,u,e, ,i,s, ,N,o,t,-,A,-,N,u,m,b,e,r, ,o,r, ,n,a,n, ,(,N,a,n,",", ,N,a,N,),'
i,s,_,i,n,f,",",N,o,n,e,",",F,a,l,s,e,",",F,a,l,s,e,",",F,a,l,s,e,",",F,a,l,s,e,",",',N,o,n,e,'
i,s,_,i,n,f,",",N,o,n,e,",",F,a,l,s,e,",",F,a,l,s,e,",",F,a,l,s,e,",",F,a,l,s,e,",",',N,o,n,e,'
i,s,_,i,n,f,",",N,o,n,e,",",F,a,l,s,e,",",F,a,l,s,e,",",F,a,l,s,e,",",F,a,l,s,e,",",',N,o,n,e,'
i,s,_,i,n,f,",",N,o,n,e,",",F,a,l,s,e,",",F,a,l,s,e,",",F,a,l,s,e,",",F,a,l,s,e,",",',N,o,n,e,'
i,s,_,c,l,o,s,e,",",N,o,n,e,",",F,a,l,s,e,",",F,a,l,s,e,",",F,a,l,s,e,",",F,a,l,s,e,",",',T,e,s,t,s, ,w,h,e,t,h,e,r, ,a, ,f,l,o,a,t, ,i,s, ,c,l,o,s,e, ,i,n, ,r,e,a,l, ,a,n,d, ,a,b,s,o,l,u,t,e, ,t,e,r,m,s,'
i,s,_,c,l,o,s,e,",",N,o,n,e,",",F,a,l,s,e,",",F,a,l,s,e,",",F,a,l,s,e,",",F,a,l,s,e,",",',T,e,s,t,s, ,w,h,e,t,h,e,r, ,a, ,f,l,o,a,t, ,i,s, ,c,l,o,s,e, ,i,n, ,r,e,a,l, ,a,n,d, ,a,b,s,o,l,u,t,e, ,t,e,r,m,s,'
i,s,_,v,a,l,i,d,_,f,l,o,a,t,",",N,o,n,e,",",F,a,l,s,e,",",F,a,l,s,e,",",F,a,l,s,e,",",F,a,l,s,e,",",',R,e,t,u,r,n,s, ,w,h,e,t,h,e,r, ,a, ,n,u,m,b,e,r, ,i,s, ,a,n, ,a,c,t,u,a,l, ,f,l,o,a,t,",", ,n,o,t, ,a, ,N,a,N, ,o,r, ,I,n,f,.,'
i,s,_,v,a,l,i,d,_,f,l,o,a,t,",",N,o,n,e,",",F,a,l,s,e,",",F,a,l,s,e,",",F,a,l,s,e,",",F,a,l,s,e,",",',R,e,t,u,r,n,s, ,w,h,e,t,h,e,r, ,a, ,n,u,m,b,e,r, ,i,s, ,a,n, ,a,c,t,u,a,l, ,f,l,o,a,t,",", ,n,o,t, ,a, ,N,a,N, ,o,r, ,I,n,f,.,'
i,s,_,v,a,l,i,d,_,f,l,o,a,t,",",N,o,n,e,",",F,a,l,s,e,",",F,a,l,s,e,",",F,a,l,s,e,",",F,a,l,s,e,",",',R,e,t,u,r,n,s, ,w,h,e,t,h,e,r, ,a, ,n,u,m,b,e,r, ,i,s, ,a,n, ,a,c,t,u,a,l, ,f,l,o,a,t,",", ,n,o,t, ,a, ,N,a,N, ,o,r, ,I,n,f,.,'
i,s,_,v,a,l,i,d,_,f,l,o,a,t,",",N,o,n,e,",",F,a,l,s,e,",",F,a,l,s,e,",",F,a,l,s,e,",",F,a,l,s,e,",",',R,e,t,u,r,n,s, ,w,h,e,t,h,e,r, ,a, ,n,u,m,b,e,r, ,i,s, ,a,n, ,a,c,t,u,a,l, ,f,l,o,a,t,",", ,n,o,t, ,a, ,N,a,N, ,o,r, ,I,n,f,.,'
i,s,_,n,a,n,_,o,r,_,i,n,f,",",N,o,n,e,",",F,a,l,s,e,",",F,a,l,s,e,",",F,a,l,s,e,",",F,a,l,s,e,",",',R,e,t,u,r,n,s, ,w,h,e,t,h,e,r, ,a, ,n,u,m,b,e,r, ,i,s, ,a,n, ,a,c,t,u,a,l, ,f,l,o,a,t,",", ,n,o,t, ,a, ,N,a,N, ,o,r, ,I,n,f,.,'
i,s,_,n,a,n,_,o,r,_,i,n,f,",",N,o,n,e,",",F,a,l,s,e,",",F,a,l,s,e,",",F,a,l,s,e,",",F,a,l,s,e,",",',R,e,t,u,r,n,s, ,w,h,e,t,h,e,r, ,a, ,n,u,m,b,e,r, ,i,s, ,a,n, ,a,c,t,u,a,l, ,f,l,o,a,t,",", ,n,o,t, ,a, ,N,a,N, ,o,r, ,I,n,f,.,'
i,s,_,n,a,n,_,o,r,_,i,n,f,",",N,o,n,e,",",F,a,l,s,e,",",F,a,l,s,e,",",F,a,l,s,e,",",F,a,l,s,e,",",',R,e,t,u,r,n,s, ,w,h,e,t,h,e,r, ,a, ,n,u,m,b,e,r, ,i,s, ,a,n, ,a,c,t,u,a,l, ,f,l,o,a,t,",", ,n,o,t, ,a, ,N,a,N, ,o,r, ,I,n,f,.,'
b,e,t,w,e,e,n,",",N,o,n,e,",",F,a,l,s,e,",",F,a,l,s,e,",",F,a,l,s,e,",",F,a,l,s,e,",",',N,o,n,e,'
b,e,t,w,e,e,n,",",N,o,n,e,",",F,a,l,s,e,",",F,a,l,s,e,",",F,a,l,s,e,",",F,a,l,s,e,",",',N,o,n,e,'
i,n,_,i,n,t,e,r,v,a,l,",",N,o,n,e,",",F,a,l,s,e,",",F,a,l,s,e,",",F,a,l,s,e,",",F,a,l,s,e,",",',N,o,n,e,'
i,n,_,i,n,t,e,r,v,a,l,",",N,o,n,e,",",F,a,l,s,e,",",F,a,l,s,e,",",F,a,l,s,e,",",F,a,l,s,e,",",',N,o,n,e,'
i,s,_,w,i,t,h,i,n,",",N,o,n,e,",",F,a,l,s,e,",",F,a,l,s,e,",",F,a,l,s,e,",",F,a,l,s,e,",",',N,o,n,e,'
i,s,_,w,i,t,h,i,n,",",N,o,n,e,",",F,a,l,s,e,",",F,a,l,s,e,",",F,a,l,s,e,",",F,a,l,s,e,",",',N,o,n,e,'
i,s,_,o,u,t,s,i,d,e,",",N,o,n,e,",",F,a,l,s,e,",",F,a,l,s,e,",",F,a,l,s,e,",",F,a,l,s,e,",",',N,o,n,e,'
i,s,_,o,u,t,s,i,d,e,",",N,o,n,e,",",F,a,l,s,e,",",F,a,l,s,e,",",F,a,l,s,e,",",F,a,l,s,e,",",',N,o,n,e,'
p,l,u,s,_,m,i,n,u,s,",",N,o,n,e,",",F,a,l,s,e,",",F,a,l,s,e,",",F,a,l,s,e,",",F,a,l,s,e,",",',N,o,n,e,'
p,l,u,s,_,m,i,n,u,s,",",N,o,n,e,",",F,a,l,s,e,",",F,a,l,s,e,",",F,a,l,s,e,",",F,a,l,s,e,",",',N,o,n,e,'
p,l,u,s,_,m,i,n,u,s,",",N,o,n,e,",",F,a,l,s,e,",",F,a,l,s,e,",",F,a,l,s,e,",",F,a,l,s,e,",",',N,o,n,e,'
i,s,_,n,o,n,e,",",N,o,n,e,",",F,a,l,s,e,",",F,a,l,s,e,",",F,a,l,s,e,",",T,r,u,e,",",',V,a,l,u,e, ,m,u,s,t, ,b,e, ,N,o,n,e,'
i,s,_,n,o,n,e,",",N,o,n,e,",",F,a,l,s,e,",",F,a,l,s,e,",",F,a,l,s,e,",",T,r,u,e,",",',V,a,l,u,e, ,m,u,s,t, ,b,e, ,N,o,n,e,'
i,s,_,n,o,n,e,",",N,o,n,e,",",F,a,l,s,e,",",F,a,l,s,e,",",F,a,l,s,e,",",T,r,u,e,",",',V,a,l,u,e, ,m,u,s,t, ,b,e, ,N,o,n,e,'
i,s,_,n,o,n,e,",",N,o,n,e,",",F,a,l,s,e,",",F,a,l,s,e,",",F,a,l,s,e,",",T,r,u,e,",",',V,a,l,u,e, ,m,u,s,t, ,b,e, ,N,o,n,e,'
i,s,_,n,o,n,e,",",N,o,n,e,",",F,a,l,s,e,",",F,a,l,s,e,",",F,a,l,s,e,",",T,r,u,e,",",',V,a,l,u,e, ,m,u,s,t, ,b,e, ,N,o,n,e,'
i,s,_,n,o,t,_,n,o,n,e,",",N,o,n,e,",",F,a,l,s,e,",",F,a,l,s,e,",",F,a,l,s,e,",",T,r,u,e,",",',V,a,l,u,e, ,m,u,s,t, ,n,o,t, ,b,e, ,N,o,n,e,'
i,s,_,n,o,t,_,n,o,n,e,",",N,o,n,e,",",F,a,l,s,e,",",F,a,l,s,e,",",F,a,l,s,e,",",T,r,u,e,",",',V,a,l,u,e, ,m,u,s,t, ,n,o,t, ,b,e, ,N,o,n,e,'
i,s,_,n,o,t,_,n,o,n,e,",",N,o,n,e,",",F,a,l,s,e,",",F,a,l,s,e,",",F,a,l,s,e,",",T,r,u,e,",",',V,a,l,u,e, ,m,u,s,t, ,n,o,t, ,b,e, ,N,o,n,e,'
i,s,_,s,a,m,e,",",N,o,n,e,",",F,a,l,s,e,",",F,a,l,s,e,",",F,a,l,s,e,",",F,a,l,s,e,",",',T,e,s,t,s, ,w,h,e,t,h,e,r, ,t,w,o, ,o,b,j,e,c,t,s, ,a,r,e, ,t,h,e, ,s,a,m,e, ,b,a,s,e,d, ,o,n, ,m,e,m,o,r,y, ,l,o,c,a,t,i,o,n,'
i,s,_,s,a,m,e,",",N,o,n,e,",",F,a,l,s,e,",",F,a,l,s,e,",",F,a,l,s,e,",",F,a,l,s,e,",",',T,e,s,t,s, ,w,h,e,t,h,e,r, ,t,w,o, ,o,b,j,e,c,t,s, ,a,r,e, ,t,h,e, ,s,a,m,e, ,b,a,s,e,d, ,o,n, ,m,e,m,o,r,y, ,l,o,c,a,t,i,o,n,'
i,s,_,u,n,i,q,u,e,",",N,o,n,e,",",F,a,l,s,e,",",F,a,l,s,e,",",F,a,l,s,e,",",F,a,l,s,e,",",',T,e,s,t,s, ,w,h,e,t,h,e,r, ,t,w,o, ,o,b,j,e,c,t,s, ,a,r,e, ,u,n,i,q,u,e, ,b,a,s,e,d, ,o,n, ,m,e,m,o,r,y, ,l,o,c,a,t,i,o,n,'
i,s,_,u,n,i,q,u,e,",",N,o,n,e,",",F,a,l,s,e,",",F,a,l,s,e,",",F,a,l,s,e,",",F,a,l,s,e,",",',T,e,s,t,s, ,w,h,e,t,h,e,r, ,t,w,o, ,o,b,j,e,c,t,s, ,a,r,e, ,u,n,i,q,u,e, ,b,a,s,e,d, ,o,n, ,m,e,m,o,r,y, ,l,o,c,a,t,i,o,n,'
i,s,_,s,e,q,u,e,n,c,e,",",N,o,n,e,",",F,a,l,s,e,",",F,a,l,s,e,",",F,a,l,s,e,",",F,a,l,s,e,",",',N,o,n,e,'
i,s,_,s,e,q,u,e,n,c,e,",",N,o,n,e,",",F,a,l,s,e,",",F,a,l,s,e,",",F,a,l,s,e,",",F,a,l,s,e,",",',N,o,n,e,'
i,s,_,t,u,p,l,e,",",N,o,n,e,",",F,a,l,s,e,",",F,a,l,s,e,",",F,a,l,s,e,",",F,a,l,s,e,",",',N,o,n,e,'
i,s,_,t,u,p,l,e,",",N,o,n,e,",",F,a,l,s,e,",",F,a,l,s,e,",",F,a,l,s,e,",",F,a,l,s,e,",",',N,o,n,e,'
i,s,_,l,i,s,t,",",N,o,n,e,",",F,a,l,s,e,",",F,a,l,s,e,",",F,a,l,s,e,",",F,a,l,s,e,",",',N,o,n,e,'
i,s,_,l,i,s,t,",",N,o,n,e,",",F,a,l,s,e,",",F,a,l,s,e,",",F,a,l,s,e,",",F,a,l,s,e,",",',N,o,n,e,'
i,s,_,d,i,c,t,",",N,o,n,e,",",F,a,l,s,e,",",F,a,l,s,e,",",F,a,l,s,e,",",F,a,l,s,e,",",',N,o,n,e,'
i,s,_,d,i,c,t,",",N,o,n,e,",",F,a,l,s,e,",",F,a,l,s,e,",",F,a,l,s,e,",",F,a,l,s,e,",",',N,o,n,e,'
i,s,_,s,t,r,i,n,g,",",N,o,n,e,",",F,a,l,s,e,",",F,a,l,s,e,",",F,a,l,s,e,",",F,a,l,s,e,",",',N,o,n,e,'
i,s,_,s,t,r,i,n,g,",",N,o,n,e,",",F,a,l,s,e,",",F,a,l,s,e,",",F,a,l,s,e,",",F,a,l,s,e,",",',N,o,n,e,'
i,s,_,s,t,r,i,n,g,",",N,o,n,e,",",F,a,l,s,e,",",F,a,l,s,e,",",F,a,l,s,e,",",F,a,l,s,e,",",',N,o,n,e,'
i,s,_,i,n,t,",",N,o,n,e,",",F,a,l,s,e,",",F,a,l,s,e,",",F,a,l,s,e,",",F,a,l,s,e,",",',T,e,s,t,s, ,i,f, ,a, ,g,i,v,e,n, ,v,a,l,u,e, ,i,s, ,a,n, ,i,n,t,e,g,e,r,'
i,s,_,i,n,t,",",N,o,n,e,",",F,a,l,s,e,",",F,a,l,s,e,",",F,a,l,s,e,",",F,a,l,s,e,",",',T,e,s,t,s, ,i,f, ,a, ,g,i,v,e,n, ,v,a,l,u,e, ,i,s, ,a,n, ,i,n,t,e,g,e,r,'
i,s,_,i,n,t,",",N,o,n,e,",",F,a,l,s,e,",",F,a,l,s,e,",",F,a,l,s,e,",",F,a,l,s,e,",",',T,e,s,t,s, ,i,f, ,a, ,g,i,v,e,n, ,v,a,l,u,e, ,i,s, ,a,n, ,i,n,t,e,g,e,r,'
i,s,_,i,n,t,",",N,o,n,e,",",F,a,l,s,e,",",F,a,l,s,e,",",F,a,l,s,e,",",F,a,l,s,e,",",',T,e,s,t,s, ,i,f, ,a, ,g,i,v,e,n, ,v,a,l,u,e, ,i,s, ,a,n, ,i,n,t,e,g,e,r,'
i,s,_,i,n,t,",",N,o,n,e,",",F,a,l,s,e,",",F,a,l,s,e,",",F,a,l,s,e,",",F,a,l,s,e,",",',T,e,s,t,s, ,i,f, ,a, ,g,i,v,e,n, ,v,a,l,u,e, ,i,s, ,a,n, ,i,n,t,e,g,e,r,'
i,s,_,f,l,o,a,t,",",N,o,n,e,",",F,a,l,s,e,",",F,a,l,s,e,",",F,a,l,s,e,",",F,a,l,s,e,",",',N,o,n,e,'
i,s,_,f,l,o,a,t,",",N,o,n,e,",",F,a,l,s,e,",",F,a,l,s,e,",",F,a,l,s,e,",",F,a,l,s,e,",",',N,o,n,e,'
i,s,_,f,l,o,a,t,",",N,o,n,e,",",F,a,l,s,e,",",F,a,l,s,e,",",F,a,l,s,e,",",F,a,l,s,e,",",',N,o,n,e,'
i,s,_,f,l,o,a,t,",",N,o,n,e,",",F,a,l,s,e,",",F,a,l,s,e,",",F,a,l,s,e,",",F,a,l,s,e,",",',N,o,n,e,'
i,s,_,f,l,o,a,t,",",N,o,n,e,",",F,a,l,s,e,",",F,a,l,s,e,",",F,a,l,s,e,",",F,a,l,s,e,",",',N,o,n,e,'
i,s,_,f,l,o,a,t,",",N,o,n,e,",",F,a,l,s,e,",",F,a,l,s,e,",",F,a,l,s,e,",",F,a,l,s,e,",",',N,o,n,e,'
i,s,_,f,l,o,a,t,_,o,r,_,i,n,t,",",N,o,n,e,",",F,a,l,s,e,",",F,a,l,s,e,",",F,a,l,s,e,",",F,a,l,s,e,",",',N,o,n,e,'
i,s,_,f,l,o,a,t,_,o,r,_,i,n,t,",",N,o,n,e,",",F,a,l,s,e,",",F,a,l,s,e,",",F,a,l,s,e,",",F,a,l,s,e,",",',N,o,n,e,'
i,s,_,f,l,o,a,t,_,o,r,_,i,n,t,",",N,o,n,e,",",F,a,l,s,e,",",F,a,l,s,e,",",F,a,l,s,e,",",F,a,l,s,e,",",',N,o,n,e,'
i,s,_,f,l,o,a,t,_,o,r,_,i,n,t,",",N,o,n,e,",",F,a,l,s,e,",",F,a,l,s,e,",",F,a,l,s,e,",",F,a,l,s,e,",",',N,o,n,e,'
i,s,_,n,u,m,b,e,r,",",N,o,n,e,",",F,a,l,s,e,",",F,a,l,s,e,",",F,a,l,s,e,",",F,a,l,s,e,",",',T,e,s,t, ,w,h,e,t,h,e,r, ,a, ,n,u,m,b,e,r, ,i,s, ,a, ,s,u,b,-,c,l,a,s,s, ,o,f, ,N,u,m,b,e,r,'
i,s,_,n,u,m,b,e,r,",",N,o,n,e,",",F,a,l,s,e,",",F,a,l,s,e,",",F,a,l,s,e,",",F,a,l,s,e,",",',T,e,s,t, ,w,h,e,t,h,e,r, ,a, ,n,u,m,b,e,r, ,i,s, ,a, ,s,u,b,-,c,l,a,s,s, ,o,f, ,N,u,m,b,e,r,'
i,s,_,f,r,a,c,t,i,o,n,",",N,o,n,e,",",F,a,l,s,e,",",F,a,l,s,e,",",F,a,l,s,e,",",F,a,l,s,e,",",',N,o,n,e,'
i,s,_,f,r,a,c,t,i,o,n,",",N,o,n,e,",",F,a,l,s,e,",",F,a,l,s,e,",",F,a,l,s,e,",",F,a,l,s,e,",",',N,o,n,e,'
i,s,_,f,r,a,c,t,i,o,n,",",N,o,n,e,",",F,a,l,s,e,",",F,a,l,s,e,",",F,a,l,s,e,",",F,a,l,s,e,",",',N,o,n,e,'
i,s,_,f,r,a,c,t,i,o,n,",",N,o,n,e,",",F,a,l,s,e,",",F,a,l,s,e,",",F,a,l,s,e,",",F,a,l,s,e,",",',N,o,n,e,'
i,s,_,c,o,m,p,l,e,x,",",N,o,n,e,",",F,a,l,s,e,",",F,a,l,s,e,",",F,a,l,s,e,",",F,a,l,s,e,",",',N,o,n,e,'
i,s,_,c,o,m,p,l,e,x,",",N,o,n,e,",",F,a,l,s,e,",",F,a,l,s,e,",",F,a,l,s,e,",",F,a,l,s,e,",",',N,o,n,e,'
i,s,_,c,o,m,p,l,e,x,",",N,o,n,e,",",F,a,l,s,e,",",F,a,l,s,e,",",F,a,l,s,e,",",F,a,l,s,e,",",',N,o,n,e,'
i,s,_,d,e,c,i,m,a,l,",",N,o,n,e,",",F,a,l,s,e,",",F,a,l,s,e,",",F,a,l,s,e,",",F,a,l,s,e,",",',N,o,n,e,'
i,s,_,d,e,c,i,m,a,l,",",N,o,n,e,",",F,a,l,s,e,",",F,a,l,s,e,",",F,a,l,s,e,",",F,a,l,s,e,",",',N,o,n,e,'
i,s,_,d,e,c,i,m,a,l,",",N,o,n,e,",",F,a,l,s,e,",",F,a,l,s,e,",",F,a,l,s,e,",",F,a,l,s,e,",",',N,o,n,e,'
i,s,_,f,u,n,c,t,i,o,n,",",N,o,n,e,",",F,a,l,s,e,",",F,a,l,s,e,",",F,a,l,s,e,",",F,a,l,s,e,",",',N,o,n,e,'
i,s,_,f,u,n,c,t,i,o,n,",",N,o,n,e,",",F,a,l,s,e,",",F,a,l,s,e,",",F,a,l,s,e,",",F,a,l,s,e,",",',N,o,n,e,'
i,s,_,p,y,f,u,n,c,",",N,o,n,e,",",F,a,l,s,e,",",F,a,l,s,e,",",F,a,l,s,e,",",F,a,l,s,e,",",',N,o,n,e,'
i,s,_,p,y,f,u,n,c,",",N,o,n,e,",",F,a,l,s,e,",",F,a,l,s,e,",",F,a,l,s,e,",",F,a,l,s,e,",",',N,o,n,e,'
i,s,_,l,a,m,b,d,a,",",N,o,n,e,",",F,a,l,s,e,",",F,a,l,s,e,",",F,a,l,s,e,",",F,a,l,s,e,",",',N,o,n,e,'
i,s,_,l,a,m,b,d,a,",",N,o,n,e,",",F,a,l,s,e,",",F,a,l,s,e,",",F,a,l,s,e,",",F,a,l,s,e,",",',N,o,n,e,'
i,s,_,l,a,m,b,d,a,",",N,o,n,e,",",F,a,l,s,e,",",F,a,l,s,e,",",F,a,l,s,e,",",F,a,l,s,e,",",',N,o,n,e,'
i,s,_,c,a,l,l,a,b,l,e,",",N,o,n,e,",",F,a,l,s,e,",",F,a,l,s,e,",",F,a,l,s,e,",",F,a,l,s,e,",",',N,o,n,e,'
i,s,_,c,a,l,l,a,b,l,e,",",N,o,n,e,",",F,a,l,s,e,",",F,a,l,s,e,",",F,a,l,s,e,",",F,a,l,s,e,",",',N,o,n,e,'
i,s,_,a,l,l,",",N,o,n,e,",",F,a,l,s,e,",",F,a,l,s,e,",",T,r,u,e,",",F,a,l,s,e,",",',P,r,e,d,i,c,a,t,e, ,m,u,s,t, ,b,e, ,T,r,u,e, ,f,o,r, ,a,l,l, ,v,a,l,u,e,s,'
i,s,_,a,l,l,",",N,o,n,e,",",F,a,l,s,e,",",F,a,l,s,e,",",T,r,u,e,",",F,a,l,s,e,",",',P,r,e,d,i,c,a,t,e, ,m,u,s,t, ,b,e, ,T,r,u,e, ,f,o,r, ,a,l,l, ,v,a,l,u,e,s,'
i,s,_,a,n,y,",",N,o,n,e,",",F,a,l,s,e,",",F,a,l,s,e,",",T,r,u,e,",",F,a,l,s,e,",",',T,h,e, ,p,r,e,d,i,c,a,t,e, ,m,u,s,t, ,b,e, ,T,r,u,e, ,f,o,r, ,1, ,o,r, ,m,o,r,e, ,v,a,l,u,e,s,'
i,s,_,a,n,y,",",N,o,n,e,",",F,a,l,s,e,",",F,a,l,s,e,",",T,r,u,e,",",F,a,l,s,e,",",',T,h,e, ,p,r,e,d,i,c,a,t,e, ,m,u,s,t, ,b,e, ,T,r,u,e, ,f,o,r, ,1, ,o,r, ,m,o,r,e, ,v,a,l,u,e,s,'
i,s,_,a,t,_,m,o,s,t,",",N,o,n,e,",",F,a,l,s,e,",",F,a,l,s,e,",",T,r,u,e,",",F,a,l,s,e,",",',T,h,e, ,p,r,e,d,i,c,a,t,e, ,m,u,s,t, ,b,e, ,T,r,u,e, ,f,o,r, ,a,t, ,m,o,s,t, ,n,",", ,o,r, ,0, ,t,o, ,n, ,v,a,l,u,e,s,'
i,s,_,a,t,_,m,o,s,t,",",N,o,n,e,",",F,a,l,s,e,",",F,a,l,s,e,",",T,r,u,e,",",F,a,l,s,e,",",',T,h,e, ,p,r,e,d,i,c,a,t,e, ,m,u,s,t, ,b,e, ,T,r,u,e, ,f,o,r, ,a,t, ,m,o,s,t, ,n,",", ,o,r, ,0, ,t,o, ,n, ,v,a,l,u,e,s,'
i,s,_,a,t,_,m,o,s,t,",",N,o,n,e,",",F,a,l,s,e,",",F,a,l,s,e,",",T,r,u,e,",",F,a,l,s,e,",",',T,h,e, ,p,r,e,d,i,c,a,t,e, ,m,u,s,t, ,b,e, ,T,r,u,e, ,f,o,r, ,a,t, ,m,o,s,t, ,n,",", ,o,r, ,0, ,t,o, ,n, ,v,a,l,u,e,s,'
i,s,_,a,t,_,l,e,a,s,t,_,n,",",N,o,n,e,",",F,a,l,s,e,",",F,a,l,s,e,",",T,r,u,e,",",F,a,l,s,e,",",',T,h,e, ,p,r,e,d,i,c,a,t,e, ,m,u,s,t, ,b,e, ,T,r,u,e, ,f,o,r, ,a,t, ,l,e,a,s,t, ,n, ,v,a,l,u,e,s, ,o,r, ,m,o,r,e,'
i,s,_,a,t,_,l,e,a,s,t,_,n,",",N,o,n,e,",",F,a,l,s,e,",",F,a,l,s,e,",",T,r,u,e,",",F,a,l,s,e,",",',T,h,e, ,p,r,e,d,i,c,a,t,e, ,m,u,s,t, ,b,e, ,T,r,u,e, ,f,o,r, ,a,t, ,l,e,a,s,t, ,n, ,v,a,l,u,e,s, ,o,r, ,m,o,r,e,'
i,s,_,e,x,a,c,t,l,y,",",N,o,n,e,",",F,a,l,s,e,",",F,a,l,s,e,",",T,r,u,e,",",F,a,l,s,e,",",',T,h,e, ,p,r,e,d,i,c,a,t,e, ,m,u,s,t, ,b,e, ,T,r,u,e, ,f,o,r, ,a,t, ,e,x,a,c,t,l,y, ,n, ,v,a,l,u,e,s,'
i,s,_,e,x,a,c,t,l,y,",",N,o,n,e,",",F,a,l,s,e,",",F,a,l,s,e,",",T,r,u,e,",",F,a,l,s,e,",",',T,h,e, ,p,r,e,d,i,c,a,t,e, ,m,u,s,t, ,b,e, ,T,r,u,e, ,f,o,r, ,a,t, ,e,x,a,c,t,l,y, ,n, ,v,a,l,u,e,s,'
l,o,n,e,",",N,o,n,e,",",F,a,l,s,e,",",F,a,l,s,e,",",T,r,u,e,",",F,a,l,s,e,",",',T,h,e, ,p,r,e,d,i,c,a,t,e, ,m,u,s,t, ,b,e, ,T,r,u,e, ,f,o,r, ,0, ,o,r, ,1, ,p,r,e,d,i,c,a,t,e,'
l,o,n,e,",",N,o,n,e,",",F,a,l,s,e,",",F,a,l,s,e,",",T,r,u,e,",",F,a,l,s,e,",",',T,h,e, ,p,r,e,d,i,c,a,t,e, ,m,u,s,t, ,b,e, ,T,r,u,e, ,f,o,r, ,0, ,o,r, ,1, ,p,r,e,d,i,c,a,t,e,'
e,m,p,t,y,",",N,o,n,e,",",F,a,l,s,e,",",F,a,l,s,e,",",T,r,u,e,",",F,a,l,s,e,",",',T,h,e, ,s,e,q,u,e,n,c,e, ,m,u,s,t, ,b,e, ,e,m,p,t,y,'
e,m,p,t,y,",",N,o,n,e,",",F,a,l,s,e,",",F,a,l,s,e,",",T,r,u,e,",",F,a,l,s,e,",",',T,h,e, ,s,e,q,u,e,n,c,e, ,m,u,s,t, ,b,e, ,e,m,p,t,y,'
e,m,p,t,y,",",N,o,n,e,",",F,a,l,s,e,",",F,a,l,s,e,",",T,r,u,e,",",F,a,l,s,e,",",',T,h,e, ,s,e,q,u,e,n,c,e, ,m,u,s,t, ,b,e, ,e,m,p,t,y,'
n,o,t,_,e,m,p,t,y,",",N,o,n,e,",",F,a,l,s,e,",",F,a,l,s,e,",",T,r,u,e,",",F,a,l,s,e,",",',T,h,e, ,s,e,q,u,e,n,c,e, ,m,u,s,t, ,c,o,n,t,a,i,n, ,m,o,r,e, ,t,h,a,n, ,o,n,e, ,e,l,e,m,e,n,t,'
n,o,t,_,e,m,p,t,y,",",N,o,n,e,",",F,a,l,s,e,",",F,a,l,s,e,",",T,r,u,e,",",F,a,l,s,e,",",',T,h,e, ,s,e,q,u,e,n,c,e, ,m,u,s,t, ,c,o,n,t,a,i,n, ,m,o,r,e, ,t,h,a,n, ,o,n,e, ,e,l,e,m,e,n,t,'
i,s,_,s,o,r,t,e,d,",",N,o,n,e,",",F,a,l,s,e,",",F,a,l,s,e,",",F,a,l,s,e,",",F,a,l,s,e,",",',T,e,s,t,s, ,i,≤,j, ,f,o,r, ,a,l,l, ,v,a,l,u,e,s, ,i,n, ,s,e,q,u,e,n,c,e,'
i,s,_,s,o,r,t,e,d,",",N,o,n,e,",",F,a,l,s,e,",",F,a,l,s,e,",",F,a,l,s,e,",",F,a,l,s,e,",",',T,e,s,t,s, ,i,≤,j, ,f,o,r, ,a,l,l, ,v,a,l,u,e,s, ,i,n, ,s,e,q,u,e,n,c,e,'
i,s,_,s,o,r,t,e,d,",",N,o,n,e,",",F,a,l,s,e,",",F,a,l,s,e,",",F,a,l,s,e,",",F,a,l,s,e,",",',T,e,s,t,s, ,i,≤,j, ,f,o,r, ,a,l,l, ,v,a,l,u,e,s, ,i,n, ,s,e,q,u,e,n,c,e,'
i,s,_,s,o,r,t,e,d,",",N,o,n,e,",",F,a,l,s,e,",",F,a,l,s,e,",",F,a,l,s,e,",",F,a,l,s,e,",",',T,e,s,t,s, ,i,≤,j, ,f,o,r, ,a,l,l, ,v,a,l,u,e,s, ,i,n, ,s,e,q,u,e,n,c,e,'
i,s,_,s,t,r,i,c,t,l,y,_,s,o,r,t,e,d,",",N,o,n,e,",",F,a,l,s,e,",",F,a,l,s,e,",",F,a,l,s,e,",",F,a,l,s,e,",",',T,e,s,t,s, ,i,<,j, ,f,o,r, ,a,l,l, ,v,a,l,u,e,s, ,i,n, ,s,e,q,u,e,n,c,e,'
i,s,_,s,t,r,i,c,t,l,y,_,s,o,r,t,e,d,",",N,o,n,e,",",F,a,l,s,e,",",F,a,l,s,e,",",F,a,l,s,e,",",F,a,l,s,e,",",',T,e,s,t,s, ,i,<,j, ,f,o,r, ,a,l,l, ,v,a,l,u,e,s, ,i,n, ,s,e,q,u,e,n,c,e,'
i,s,_,s,t,r,i,c,t,l,y,_,s,o,r,t,e,d,",",N,o,n,e,",",F,a,l,s,e,",",F,a,l,s,e,",",F,a,l,s,e,",",F,a,l,s,e,",",',T,e,s,t,s, ,i,<,j, ,f,o,r, ,a,l,l, ,v,a,l,u,e,s, ,i,n, ,s,e,q,u,e,n,c,e,'
d,e,s,c,e,n,d,i,n,g,",",N,o,n,e,",",F,a,l,s,e,",",F,a,l,s,e,",",F,a,l,s,e,",",F,a,l,s,e,",",',T,e,s,t,s, ,f,o,r, ,d,e,c,e,n,d,i,n,g, ,o,r,d,e,r,",", ,i,e, ,1,0,0,",", ,9,9,",", ,9,8,",", ,…,",", ,w,h,e,r,e, ,i, ,>,=, ,j,'
d,e,s,c,e,n,d,i,n,g,",",N,o,n,e,",",F,a,l,s,e,",",F,a,l,s,e,",",F,a,l,s,e,",",F,a,l,s,e,",",',T,e,s,t,s, ,f,o,r, ,d,e,c,e,n,d,i,n,g, ,o,r,d,e,r,",", ,i,e, ,1,0,0,",", ,9,9,",", ,9,8,",", ,…,",", ,w,h,e,r,e, ,i, ,>,=, ,j,'
a,s,c,e,n,d,i,n,g,",",N,o,n,e,",",F,a,l,s,e,",",F,a,l,s,e,",",F,a,l,s,e,",",F,a,l,s,e,",",',T,e,s,t,s, ,f,o,r, ,a,s,c,e,n,d,i,n,g, ,o,r,d,e,r,",", ,i,e, ,1,",", ,2,",", ,3, ,…,",", ,w,h,e,r,e, ,i, ,<,=, ,j,'
a,s,c,e,n,d,i,n,g,",",N,o,n,e,",",F,a,l,s,e,",",F,a,l,s,e,",",F,a,l,s,e,",",F,a,l,s,e,",",',T,e,s,t,s, ,f,o,r, ,a,s,c,e,n,d,i,n,g, ,o,r,d,e,r,",", ,i,e, ,1,",", ,2,",", ,3, ,…,",", ,w,h,e,r,e, ,i, ,<,=, ,j,'
a,l,l,_,u,n,i,q,u,e,",",N,o,n,e,",",F,a,l,s,e,",",F,a,l,s,e,",",F,a,l,s,e,",",F,a,l,s,e,",",',T,e,s,t,s, ,t,h,a,t, ,a, ,s,e,q,u,e,n,c,e, ,o,n,l,y, ,c,o,n,t,a,i,n,s, ,u,n,i,q,u,e, ,v,a,l,u,e,s,'
a,l,l,_,u,n,i,q,u,e,",",N,o,n,e,",",F,a,l,s,e,",",F,a,l,s,e,",",F,a,l,s,e,",",F,a,l,s,e,",",',T,e,s,t,s, ,t,h,a,t, ,a, ,s,e,q,u,e,n,c,e, ,o,n,l,y, ,c,o,n,t,a,i,n,s, ,u,n,i,q,u,e, ,v,a,l,u,e,s,'
